domain,available
aa.ai,False
ab.ai,False
ac.ai,False
ad.ai,False
ae.ai,False
af.ai,False
ag.ai,False
ah.ai,False
ai.ai,False
aj.ai,False
ak.ai,False
al.ai,False
am.ai,False
an.ai,False
ao.ai,False
ap.ai,False
aq.ai,False
ar.ai,False
as.ai,False
at.ai,False
au.ai,False
av.ai,False
aw.ai,False
ax.ai,False
ay.ai,False
az.ai,False
ba.ai,False
bb.ai,False
bc.ai,False
bd.ai,False
be.ai,False
bf.ai,False
bg.ai,False
bh.ai,False
bi.ai,False
bj.ai,False
bk.ai,False
bl.ai,False
bm.ai,False
bn.ai,False
bo.ai,False
bp.ai,False
bq.ai,False
br.ai,False
bs.ai,False
bt.ai,False
bu.ai,False
bv.ai,False
bw.ai,False
bx.ai,False
by.ai,False
bz.ai,False
ca.ai,False
cb.ai,False
cc.ai,False
cd.ai,False
ce.ai,False
cf.ai,False
cg.ai,False
ch.ai,False
ci.ai,False
cj.ai,False
ck.ai,False
cl.ai,False
cm.ai,False
cn.ai,False
co.ai,False
cp.ai,False
cq.ai,False
cr.ai,False
cs.ai,False
ct.ai,False
cu.ai,False
cv.ai,False
cw.ai,False
cx.ai,False
cy.ai,False
cz.ai,False
da.ai,False
db.ai,False
dc.ai,False
dd.ai,False
de.ai,False
df.ai,False
dg.ai,False
dh.ai,False
di.ai,False
dj.ai,False
dk.ai,False
dl.ai,False
dm.ai,False
dn.ai,False
do.ai,False
dp.ai,False
dq.ai,False
dr.ai,False
ds.ai,False
dt.ai,False
du.ai,False
dv.ai,False
dw.ai,False
dx.ai,False
dy.ai,False
dz.ai,False
ea.ai,False
eb.ai,False
ec.ai,False
ed.ai,False
ee.ai,False
ef.ai,False
eg.ai,False
eh.ai,False
ei.ai,False
ej.ai,False
ek.ai,False
el.ai,False
em.ai,False
en.ai,False
eo.ai,False
ep.ai,False
eq.ai,False
er.ai,False
es.ai,False
et.ai,False
eu.ai,False
ev.ai,False
ew.ai,False
ex.ai,False
ey.ai,False
ez.ai,False
fa.ai,False
fb.ai,False
fc.ai,False
fd.ai,False
fe.ai,False
ff.ai,False
fg.ai,False
fh.ai,False
fi.ai,False
fj.ai,False
fk.ai,False
fl.ai,False
fm.ai,False
fn.ai,False
fo.ai,False
fp.ai,False
fq.ai,False
fr.ai,False
fs.ai,False
ft.ai,False
fu.ai,False
fv.ai,False
fw.ai,False
fx.ai,False
fy.ai,False
fz.ai,False
ga.ai,False
gb.ai,False
gc.ai,False
gd.ai,False
ge.ai,False
gf.ai,False
gg.ai,False
gh.ai,False
gi.ai,False
gj.ai,False
gk.ai,False
gl.ai,False
gm.ai,False
gn.ai,False
go.ai,False
gp.ai,False
gq.ai,False
gr.ai,False
gs.ai,False
gt.ai,False
gu.ai,False
gv.ai,False
gw.ai,False
gx.ai,False
gy.ai,False
gz.ai,False
ha.ai,False
hb.ai,False
hc.ai,False
hd.ai,False
he.ai,False
hf.ai,False
hg.ai,False
hh.ai,False
hi.ai,False
hj.ai,False
hk.ai,False
hl.ai,False
hm.ai,False
hn.ai,False
ho.ai,False
hp.ai,False
hq.ai,False
hr.ai,False
hs.ai,False
ht.ai,False
hu.ai,False
hv.ai,False
hw.ai,False
hx.ai,False
hy.ai,False
hz.ai,False
ia.ai,False
ib.ai,False
ic.ai,False
id.ai,False
ie.ai,False
if.ai,False
ig.ai,False
ih.ai,False
ii.ai,False
ij.ai,False
ik.ai,False
il.ai,False
im.ai,False
in.ai,False
io.ai,False
ip.ai,False
iq.ai,False
ir.ai,False
is.ai,False
it.ai,False
iu.ai,False
iv.ai,False
iw.ai,False
ix.ai,False
iy.ai,False
iz.ai,False
ja.ai,False
jb.ai,False
jc.ai,False
jd.ai,False
je.ai,False
jf.ai,False
jg.ai,False
jh.ai,False
ji.ai,False
jj.ai,False
jk.ai,False
jl.ai,False
jm.ai,False
jn.ai,False
jo.ai,False
jp.ai,False
jq.ai,False
jr.ai,False
js.ai,False
jt.ai,False
ju.ai,False
jv.ai,False
jw.ai,False
jx.ai,False
jy.ai,False
jz.ai,False
ka.ai,False
kb.ai,False
kc.ai,False
kd.ai,False
ke.ai,False
kf.ai,False
kg.ai,False
kh.ai,False
ki.ai,False
kj.ai,False
kk.ai,False
kl.ai,False
km.ai,False
kn.ai,False
ko.ai,False
kp.ai,False
kq.ai,False
kr.ai,False
ks.ai,False
kt.ai,False
ku.ai,False
kv.ai,False
kw.ai,False
kx.ai,False
ky.ai,False
kz.ai,False
la.ai,False
lb.ai,False
lc.ai,False
ld.ai,False
le.ai,False
lf.ai,False
lg.ai,False
lh.ai,False
li.ai,False
lj.ai,False
lk.ai,False
ll.ai,False
lm.ai,False
ln.ai,False
lo.ai,False
lp.ai,False
lq.ai,False
lr.ai,False
ls.ai,False
lt.ai,False
lu.ai,False
lv.ai,False
lw.ai,False
lx.ai,False
ly.ai,False
lz.ai,False
ma.ai,False
mb.ai,False
mc.ai,False
md.ai,False
me.ai,False
mf.ai,False
mg.ai,False
mh.ai,False
mi.ai,False
mj.ai,False
mk.ai,False
ml.ai,False
mm.ai,False
mn.ai,False
mo.ai,False
mp.ai,False
mq.ai,False
mr.ai,False
ms.ai,False
mt.ai,False
mu.ai,False
mv.ai,False
mw.ai,False
mx.ai,False
my.ai,False
mz.ai,False
na.ai,False
nb.ai,False
nc.ai,False
nd.ai,False
ne.ai,False
nf.ai,False
ng.ai,False
nh.ai,False
ni.ai,False
nj.ai,False
nk.ai,False
nl.ai,False
nm.ai,False
nn.ai,False
no.ai,False
np.ai,False
nq.ai,False
nr.ai,False
ns.ai,False
nt.ai,False
nu.ai,False
nv.ai,False
nw.ai,False
nx.ai,False
ny.ai,False
nz.ai,False
oa.ai,False
ob.ai,False
oc.ai,False
od.ai,False
oe.ai,False
of.ai,False
og.ai,False
oh.ai,False
oi.ai,False
oj.ai,False
ok.ai,False
ol.ai,False
om.ai,False
on.ai,False
oo.ai,False
op.ai,False
oq.ai,False
or.ai,False
os.ai,False
ot.ai,False
ou.ai,False
ov.ai,False
ow.ai,False
ox.ai,False
oy.ai,False
oz.ai,False
pa.ai,False
pb.ai,False
pc.ai,False
pd.ai,False
pe.ai,False
pf.ai,False
pg.ai,False
ph.ai,False
pi.ai,False
pj.ai,False
pk.ai,False
pl.ai,False
pm.ai,False
pn.ai,False
po.ai,False
pp.ai,False
pq.ai,False
pr.ai,False
ps.ai,False
pt.ai,False
pu.ai,False
pv.ai,False
pw.ai,False
px.ai,False
py.ai,False
pz.ai,False
qa.ai,False
qb.ai,False
qc.ai,False
qd.ai,False
qe.ai,False
qf.ai,False
qg.ai,False
qh.ai,False
qi.ai,False
qj.ai,False
qk.ai,False
ql.ai,False
qm.ai,False
qn.ai,False
qo.ai,False
qp.ai,False
qq.ai,False
qr.ai,False
qs.ai,False
qt.ai,False
qu.ai,False
qv.ai,False
qw.ai,False
qx.ai,False
qy.ai,False
qz.ai,False
ra.ai,False
rb.ai,False
rc.ai,False
rd.ai,False
re.ai,False
rf.ai,False
rg.ai,False
rh.ai,False
ri.ai,False
rj.ai,False
rk.ai,False
rl.ai,False
rm.ai,False
rn.ai,False
ro.ai,False
rp.ai,False
rq.ai,False
rr.ai,False
rs.ai,False
rt.ai,False
ru.ai,False
rv.ai,False
rw.ai,False
rx.ai,False
ry.ai,False
rz.ai,False
sa.ai,False
sb.ai,False
sc.ai,False
sd.ai,False
se.ai,False
sf.ai,False
sg.ai,False
sh.ai,False
si.ai,False
sj.ai,False
sk.ai,False
sl.ai,False
sm.ai,False
sn.ai,False
so.ai,False
sp.ai,False
sq.ai,False
sr.ai,False
ss.ai,False
st.ai,False
su.ai,False
sv.ai,False
sw.ai,False
sx.ai,False
sy.ai,False
sz.ai,False
ta.ai,False
tb.ai,False
tc.ai,False
td.ai,False
te.ai,False
tf.ai,False
tg.ai,False
th.ai,False
ti.ai,False
tj.ai,False
tk.ai,False
tl.ai,False
tm.ai,False
tn.ai,False
to.ai,False
tp.ai,False
tq.ai,False
tr.ai,False
ts.ai,False
tt.ai,False
tu.ai,False
tv.ai,False
tw.ai,False
tx.ai,False
ty.ai,False
tz.ai,False
ua.ai,False
ub.ai,False
uc.ai,False
ud.ai,False
ue.ai,False
uf.ai,False
ug.ai,False
uh.ai,False
ui.ai,False
uj.ai,False
uk.ai,False
ul.ai,False
um.ai,False
un.ai,False
uo.ai,False
up.ai,False
uq.ai,False
ur.ai,False
us.ai,False
ut.ai,False
uu.ai,False
uv.ai,False
uw.ai,False
ux.ai,False
uy.ai,False
uz.ai,False
va.ai,False
vb.ai,False
vc.ai,False
vd.ai,False
ve.ai,False
vf.ai,False
vg.ai,False
vh.ai,False
vi.ai,False
vj.ai,False
vk.ai,False
vl.ai,False
vm.ai,False
vn.ai,False
vo.ai,False
vp.ai,False
vq.ai,False
vr.ai,False
vs.ai,False
vt.ai,False
vu.ai,False
vv.ai,False
vw.ai,False
vx.ai,False
vy.ai,False
vz.ai,False
wa.ai,False
wb.ai,False
wc.ai,False
wd.ai,False
we.ai,False
wf.ai,False
wg.ai,False
wh.ai,False
wi.ai,False
wj.ai,False
wk.ai,False
wl.ai,False
wm.ai,False
wn.ai,False
wo.ai,False
wp.ai,False
wq.ai,False
wr.ai,False
ws.ai,False
wt.ai,False
wu.ai,False
wv.ai,False
ww.ai,False
wx.ai,False
wy.ai,False
wz.ai,False
xa.ai,False
xb.ai,False
xc.ai,False
xd.ai,False
xe.ai,False
xf.ai,False
xg.ai,False
xh.ai,False
xi.ai,False
xj.ai,False
xk.ai,False
xl.ai,False
xm.ai,False
xn.ai,False
xo.ai,False
xp.ai,False
xq.ai,False
xr.ai,False
xs.ai,False
xt.ai,False
xu.ai,False
xv.ai,False
xw.ai,False
xx.ai,False
xy.ai,False
xz.ai,False
ya.ai,False
yb.ai,False
yc.ai,False
yd.ai,False
ye.ai,False
yf.ai,False
yg.ai,False
yh.ai,False
yi.ai,False
yj.ai,False
yk.ai,False
yl.ai,False
ym.ai,False
yn.ai,False
yo.ai,False
yp.ai,False
yq.ai,False
yr.ai,False
ys.ai,False
yt.ai,False
yu.ai,False
yv.ai,False
yw.ai,False
yx.ai,False
yy.ai,False
yz.ai,False
za.ai,False
zb.ai,False
zc.ai,False
zd.ai,False
ze.ai,False
zf.ai,False
zg.ai,False
zh.ai,False
zi.ai,False
zj.ai,False
zk.ai,False
zl.ai,False
zm.ai,False
zn.ai,False
zo.ai,False
zp.ai,False
zq.ai,False
zr.ai,False
zs.ai,False
zt.ai,False
zu.ai,False
zv.ai,False
zw.ai,False
zx.ai,False
zy.ai,False
zz.ai,False
